temperature,spindle_speed,vibration,power_consumption,label
66.9800740664209,2368.079967165292,0.40442213864349624,498.9252326388061,0
99.31111755943489,2095.5563014396625,0.4595490897639258,732.8104126028647,1
64.82378838790314,2114.347515464833,0.31197022502676885,488.71097825225013,0
72.0671745161185,1855.1769433453903,0.26878273051433876,523.4639000459438,0
74.85785475477178,1748.237099798298,0.2978261525093069,512.5461726766391,0
61.5376768514259,2145.4198451883426,0.31482877725703806,517.8932341274526,0
65.80391238388681,1992.3337787025664,0.276188956322767,483.333596615394,0
71.78507742982524,2024.5488075642695,0.2584777796721717,463.78935056428355,0
67.12181086881112,2491.989358811418,0.3314764792110905,509.6624693230096,0
78.94290728878762,2081.3711667149237,1.1694582922164138,597.8616668736208,1
76.33893400529908,1665.3789640487307,1.8754640776734797,547.6510405847982,1
75.4305543412949,535.9475797547126,0.8648917208705035,410.53342326015553,1
63.76108409017575,1575.885650928506,0.35962537562389874,558.2365230939125,0
72.4260866254263,449.07866374008654,0.8090982952661504,509.81115710763993,1
63.84567841783022,2210.3518226932697,0.22662373671237798,491.9707672730362,0
69.96013679341691,1834.442556232266,0.2993081126952881,490.1894804717069,0
62.60739004816286,1948.211810017754,0.25887900338089,521.4382937190985,0
71.38345399665009,1773.8106233399972,0.25824285491849885,469.93348943219826,0
78.77397090992183,2569.9645804685647,0.30119515216424775,540.5660803660144,0
73.22742090570537,1641.8224980802834,0.2774993571002093,517.5771260349395,0
68.95938874821363,2116.573581359289,0.3869449831898789,542.5559403544411,0
70.09216966532696,1839.2109664657855,0.3505731517704178,514.9062077152279,0
73.95831346981468,1956.7737332835154,0.2806450148762799,482.3218504463208,0
79.32887255572378,1793.554896446683,0.28124018098380316,462.87720085332285,0
84.06886698586753,1369.3283490115946,2.1135172394324444,626.8239549213071,1
69.72226150551691,2220.4633358149454,0.219671144963066,508.7814644642556,0
66.99891561420603,2117.9953518183115,0.24256029824206718,504.0288949174338,0
65.30060106836322,2175.909205626528,0.2882796099841839,475.8510055744232,0
72.20007225026666,2793.3030041051106,0.3438023396264897,501.8025798384549,0
70.53215113845948,1993.1395813103354,0.2316431096769877,462.26395532273335,0
76.23042596248814,1928.3203702490916,0.26516140907852126,530.8837244479507,0
69.8265755630661,1816.2687876078687,0.2878308010312491,470.8962721886107,0
70.4982568254382,1980.7584960221022,0.33576906577206217,502.1804157298802,0
69.51643444064804,1963.8856508139206,0.3766183862339058,460.5255255071748,0
72.23854280008658,2066.9716742387477,0.24468532437941828,505.5924850923214,0
76.53571377141213,2412.712043993486,0.3025443850928009,436.1831773894551,0
71.63463686882082,2088.0673796499887,0.28501616759966064,509.62357177798054,0
70.92418061847437,2285.8623641608815,0.2620858965556205,561.2622812043123,0
70.54697397302446,2089.625872509706,0.2632913100610752,470.4258857399652,0
69.62777042116916,2574.209406160036,0.3301593715541171,443.9055098140351,0
81.35946210969328,470.2623920756894,0.9142358812438418,369.4571180097467,1
67.11614334715834,1975.1957942471902,0.29372728699985495,513.0431019367068,0
71.55625077271768,2125.8597331721085,0.3726630331660517,436.83059174479024,0
71.80697802754207,1985.9238263362447,0.3482698742295585,461.92008510359904,0
68.89515200233389,2176.573521326183,0.3443645418633371,459.8982368337221,0
73.19296229388686,2042.2658740733611,0.3236816038405727,544.9229504953888,0
71.75086557251282,526.3550811954785,0.5253194222060502,471.2247910623474,1
69.77206991822251,2337.8150752316506,0.29065519209190077,491.6002009437656,0
75.24504612918444,2146.756139044299,0.3545490212592983,543.5785023645853,0
61.96776839871214,2518.0891553700217,0.3996257676584059,489.1606831409813,0
68.07458859791842,2118.741060031223,0.25664348921445496,478.7167699271736,0
68.76240682224248,1988.8889608854763,0.28792512770646106,463.14668506202713,0
67.14626853125262,1798.8139372770065,0.27434018177433017,495.46102339302433,0
82.31621056242643,2148.7045663917816,0.24989062721092636,463.71569193743585,0
73.29272136336415,1672.7100709354404,0.3267408668172955,504.1966169851738,0
65.81820108114802,609.7300187543709,0.8017112161648701,437.9757443743054,1
70.8728890641592,1683.9753310479032,0.3319195962804191,517.1717093352703,0
73.37409746083301,1435.445286350708,0.22416787252896042,478.70633023299393,0
68.67671583381022,1703.4226678547248,0.401180310961482,529.2593737543393,0
65.69357899335868,2055.365390959111,0.3721816001734407,483.9404986229702,0
77.73752600665031,2238.046616165664,0.2448853925081788,499.78865043558335,0
71.2986125086074,1853.3451734641178,0.40282717824147707,445.0495325838192,0
71.62083176244221,1817.1463393522151,0.2720849123026985,533.6557356869141,0
65.87251401603744,1815.9792009377181,0.32503328606906046,459.0252753375368,0
70.05116530509794,1905.0774650915594,0.30170762087440123,521.6340608763675,0
79.26139092254469,1499.424777836723,0.2513226900147766,480.2525476299845,0
64.70393239055524,2006.3814730208185,0.26547294738418703,487.5915300311107,0
89.26365745327361,2524.873022956082,0.2999645702711677,513.5367595795552,0
74.57701058851038,2309.0850362095525,0.27459299011763444,498.30234533300313,0
87.43527987832653,1410.3512615134528,1.6772139639823025,526.2011523194931,1
64.37678954081065,2166.869002820198,0.37689659592062763,487.9077203280491,0
80.37700399322719,1775.836496255653,0.30428435807016796,477.2970806895222,0
71.48060138532288,2023.590557094827,0.3335240308620606,531.2517399217655,0
70.88850500466627,1578.10476089845,0.3437258537066261,495.4903861918438,0
73.0394825485827,1763.6648744275283,0.2912218027250392,497.3769401366846,0
62.60706877110079,1779.6225269605852,0.3140318202245068,475.53873115051636,0
67.3511989811648,1922.287356253789,0.2773375795488493,441.46694407884127,0
77.66369456501289,2173.7874498803267,0.23236648570782326,449.3796695866787,0
70.29104359223,2067.1742402193986,0.2679256545477845,488.83042841186233,0
59.66278949980062,2054.306467611112,0.23538686524471905,504.2294809883618,0
67.68291153593769,2395.2182196902977,0.21962200678155128,497.1909143378249,0
64.89383591434644,2076.121898448372,0.2698009687015385,537.4851470211847,0
77.20058607724737,2026.8742043765747,0.28705727998150843,510.8934688323357,0
59.80937732411073,2020.0972151674616,0.2502092302604885,506.87224064617106,0
78.09443149011577,403.3753680246746,0.898812783795104,396.0884670470741,1
72.29590039614219,1774.353078322825,0.23519416678750527,473.44253941627335,0
88.16570818359587,1933.546021114363,0.45720062783004733,694.3095594292398,1
70.95549534009952,1967.8093567987314,0.22414131516641603,548.4433637212956,0
67.89677338617321,1131.123386541893,0.2548974222821245,525.6666697706214,0
73.62883311949346,1774.4626849714448,0.304099777820678,491.4753470621361,0
71.07046872065102,1819.589706814636,0.40121548116434264,568.4495550961653,0
71.5390088444603,2153.931739452825,0.3977078716875143,529.8674454200609,0
76.3577754749708,1870.5139061845855,0.2868275891958875,497.4884612045236,0
71.08229294790988,1589.0591061262767,0.3395312799581384,439.2257638066587,0
67.34501522499092,2128.1583085615057,0.27304386484255105,457.00544556425865,0
74.8777256356118,1888.8157003741683,0.3096794955683772,488.1295786473121,0
71.04191403973776,2240.122857568305,0.3758197027626786,449.3245088609822,0
77.2669223855885,2132.5821948708226,0.38520527581277453,535.1515374414848,0
70.9338338223854,2292.559288934729,0.312066096745839,434.68804860671435,0
72.8529933429658,1712.168228982956,0.2843235156913801,548.8749909470283,0
62.21685413238048,2122.945597078554,0.3124654297820864,495.7887482328399,0
69.42730077373692,2360.1241723833277,0.31036336646994717,568.1434923626839,0
73.43025729999219,1669.0374902834951,0.29689044915003443,541.5359614278171,0
62.87625906893272,2642.681107583559,0.23455898004404438,534.6170220276724,0
67.77853369961944,2006.2381123026223,0.36000394782134304,510.0843488907869,0
80.30373962440993,2161.48882371489,0.3523658853310724,481.77936700363364,0
60.9755894966774,2326.624585911256,0.32413439436046065,464.78360106773084,0
75.84647795222837,1967.1170588222508,0.3107698252728144,442.75993588630075,0
65.36534764210958,2167.4980737565165,0.3218369275866755,492.85668691063836,0
72.57523843153024,1579.218418460092,0.28434709847384226,527.011957651852,0
71.42932695362452,2309.7638613024974,0.25807071007763843,509.5857401234887,0
94.60466329067722,2844.396333341766,0.4633661024774059,573.4769295128311,1
67.40864890863176,2623.0243950682525,0.1851909523431381,466.48440614878996,0
81.48550864334992,1792.0505458526754,1.163553049344213,525.0976691395932,1
73.71632047011357,2184.610245203916,0.3740831701231299,446.4087360393594,0
72.85445255346583,1626.8410293826146,0.23747961330151413,535.5048100066979,0
74.44815397811719,1784.254004227274,0.31843665736587595,496.2881316117549,0
67.13168996559882,2395.1345202019597,0.2412202697187574,489.1988219372905,0
72.14809109566293,1437.4482591062765,0.32975147329177823,517.5849740117835,0
64.98735317681096,1222.687312356527,0.3130625265616928,495.031057690471,0
74.06431059419481,2080.217694221571,0.33252250462680694,465.3994846821212,0
74.75211919093024,2009.60124471973,0.3445099205562393,525.8490837349383,0
69.87937456444999,2395.2792606823878,0.3445123750418254,437.40567024886747,0
61.18479922318633,2414.0274062442354,0.30775953419294894,535.9174077093569,0
63.60211516632149,1949.353483042997,0.3231644265059053,515.6383971504144,0
67.99389764057082,1952.441128091909,0.37668638549582495,558.5977741257971,0
73.12059908526078,1637.0915771476677,0.33477688787828885,467.2350910184573,0
67.57318226085448,1749.3958840220728,0.40498608945832576,477.9408961795414,0
70.43523534119086,1533.0254304020746,0.33078855748855707,523.2546648210435,0
67.77248739299614,2050.596401590018,0.29737977747112654,479.896543986373,0
74.69798135401545,441.509234658223,1.171329487312391,397.12411234972683,1
72.612946469036,539.5798848709748,1.0357025379596847,358.19689239499877,1
67.26570529379804,1964.5794419026763,0.25524650788616976,478.1576870643404,0
70.9792262754884,1932.9602052884443,0.36154372565773674,525.7404258590643,0
73.58771127897981,1825.0767684293185,0.2912822871048582,497.0625426067129,0
75.4039036277731,1562.734550160521,0.2824039341091745,483.48344204874536,0
66.88650240089703,1354.1328221142553,0.3711184930849254,491.3588337823377,0
74.86277224813365,2058.3822365711726,0.22256908505681267,477.2089064755914,0
71.92032724469654,2198.8643806002237,0.387479195210271,504.3656359330472,0
95.99340004773704,2210.2101836361753,0.3694380888931687,727.9394592248447,1
64.28514851084688,2409.242128992153,0.3243936142435537,513.1193956111688,0
64.04348251398676,2294.5296460974782,0.3640821897501884,539.859224847447,0
73.75693561685894,2556.2277699002566,0.2574296782869843,433.49543481937803,0
65.51372814257084,2365.628555509195,0.29642003740709666,453.628106399278,0
70.06296200390898,1720.0196122780412,0.21463210212035266,505.33250318804096,0
64.64957616836924,1889.11689918691,0.24261543050921663,527.4042119605222,0
76.38838410949255,2649.5007034703253,0.2541248589492868,475.0381608545043,0
73.11424966173749,1772.9614734291617,0.3670230525895174,424.03261744340944,0
58.944323454960575,1989.3075553107549,0.2444016487112918,508.6086756290513,0
68.12754668060532,2214.521156828992,2.295721075875927,645.5940202108187,1
74.11585291980957,1713.4632261951942,0.30953177956325123,489.8263316218988,0
74.87559866708875,2044.6002371606335,0.3445191581759893,541.9878393543738,0
67.23175347326409,2386.9258262248236,0.3249842555151467,500.56457149221796,0
70.45880388267751,2450.2279371902932,0.29302768621595,507.02073363059446,0
70.13045525105417,2348.563490782457,0.3279069757259253,505.0417941790046,0
77.20636644533057,2327.3930361782805,0.3173838241769168,493.529970873571,0
65.68004615160092,2286.591562571153,0.36223397903683935,498.1698808443385,0
66.01552372264761,2140.6322768225073,0.3216479912680348,509.39396420039463,0
72.7354869058502,2325.7686697494732,0.3267252824240275,552.8356437460212,0
76.38832447894212,2008.4543472107384,0.3303361529568091,515.9601859646583,0
70.98430617934562,2314.1294907836464,0.2115462047555441,493.8016616091186,0
66.99146693885301,1922.7870387729965,0.34035612983186553,425.3501793976103,0
81.62588763668825,1861.7974662381005,2.0237467341258215,531.4022169903755,1
66.08373353831881,2356.8411466773923,0.30509281476309935,528.5464931172213,0
75.15499761247976,1834.908453846374,0.23270645382633925,552.0480972751043,0
67.6886235564748,1545.885682216152,0.2497972701578995,504.7838752041239,0
70.1415918806523,2322.8021415795793,0.28201851637737685,470.19923901254145,0
79.95083119479645,428.39565637241594,0.3216087591373953,345.41874139204486,1
71.97226071189148,2447.8065706878565,0.3163910586421543,496.6061584245278,0
69.34928472816158,1943.9086091043662,0.24499228835141523,569.6012216605178,0
82.22875989808414,1945.8560259228123,0.32993971947809553,520.7856726745343,0
77.61514928204012,1805.9189666883278,0.284601923518048,556.6306297202057,0
82.27650069955448,1740.1475455356497,0.258136878447515,486.11181463924225,0
70.90933127529247,2128.644950099172,0.3548234616905442,502.13761249732676,0
83.94848163467434,1406.138086061095,1.4231538593300708,532.2696753110616,1
71.90098925502981,1548.5838877906995,0.23983995723054277,468.7226691598827,0
67.18766612052866,2508.515312129226,0.26267108267298805,485.0728748484438,0
74.3480296005283,1806.2107462626395,0.2682318805587185,561.4943628735778,0
65.86384528223839,2055.007975933747,0.32043264057403353,470.6083632584958,0
71.65631715701782,2163.08004637833,0.3131280664500962,463.93551421771735,0
64.01896687959665,1478.0858663665701,0.29483891235337517,484.1200366265489,0
66.73335383713145,1769.0080306824075,0.23348431871305048,478.0053140867001,0
59.59035296058139,1960.209876085228,0.28242928821431335,512.7220058455536,0
61.69519533242004,2402.1351338069435,0.30907133100569856,539.0983411194819,0
62.923146289747926,2299.4030329578954,0.3188204763048758,478.7932229603795,0
68.77305941998564,2178.4263024995857,0.28829900704465095,497.1012898995533,0
63.94491900118771,1955.7192241103994,0.2540656744256953,462.8284189242007,0
77.37678108474776,1459.405868725994,0.3308502974788349,489.7727636796176,0
74.32877597085061,1695.57298079214,0.22178791941444742,531.7618558965164,0
76.21765102093173,415.3640280113027,0.9116672846423411,424.64932292572297,1
63.99851796472112,1805.2167364801978,0.3808606287484312,494.81594787810604,0
79.38397906279033,1714.0014175223864,0.29077373211720753,476.2730185499734,0
74.69141902988,2570.357205725902,0.3091917258161252,458.34372338506364,0
75.14577818662822,2239.982570582615,0.399353055584972,523.7952706465603,0
81.57329283336755,1643.7204742911463,0.28208299239893886,468.4957778119356,0
70.91671002869175,2311.971406218823,0.2336976156958981,471.06386615269423,0
72.97578512718457,2158.907826307019,0.3389468251756057,472.87795130792,0
69.63994939209833,1611.5955572837283,0.1780591420861785,552.6479921494173,0
79.54708320235065,1834.64428510144,0.34840923302664306,481.1805966214609,0
75.01766448946012,2348.2480362135557,0.2932860418906848,500.55204892350315,0
79.41012248237517,2275.768680372561,0.30419133139646803,440.6532425187557,0
71.20981135783018,2622.57826178758,0.26154288251063507,461.3850929424725,0
70.97044996449154,1858.3728266908618,0.36479358909315074,498.21754456182515,0
69.58924410803715,1821.3016117869524,0.2525541739587581,482.58055092338145,0
70.09209189594776,2238.279403886548,0.3019118997480014,491.0755339737845,0
67.05317621527894,1998.178726538032,0.3042659071282512,538.3089615826457,0
75.47095759235474,2255.832102536666,0.27602535163003783,481.01734910344885,0
64.8674235029447,2224.3730768352602,0.33725026564386407,506.72704233605873,0
68.88268607337075,1703.1115590288987,0.18940690443352465,476.59402612647614,0
64.59468336200051,2261.389189237173,0.2980346356186184,536.5458413526277,0
74.2882981160101,2162.4388184614363,0.3341784661600239,512.8495007712571,0
68.461108825235,2519.754499845528,0.2732332456491888,457.5419842422744,0
67.0030367727799,1853.6265775562892,0.25214245425524784,535.7164578303078,0
69.52352233806523,1459.6826797541785,0.3342753869395102,455.02952118624796,0
67.7690828339261,1994.3873730662308,0.34556813610873605,510.6700684568969,0
62.384065476081126,1724.184622524073,0.31261201982133385,489.9083916376659,0
81.49449061809625,1932.5432054575765,0.2975551408262947,498.6532090963239,0
73.05292872641911,2228.016789106881,0.24789777938784485,464.8329873969008,0
64.35146572671191,2531.675479000923,0.23707475446623327,543.5300431439401,0
69.24107452482208,1449.138388069011,0.33916952546412976,490.09639718100647,0
65.80139078909612,2203.377761401781,0.25181205368946946,564.951682034198,0
73.23844269050346,2017.8891109760523,0.2603790039500019,487.59183399735065,0
77.89606407753696,2268.5579660083195,0.3000602737681112,514.5810886825291,0
64.93947812369916,1899.5674003680379,0.384997868728819,512.6463825060969,0
70.93227157384713,1833.9235274876016,0.25230302903016777,462.3523199599312,0
66.81130007874341,2290.837160158021,0.2696062369662091,495.50177842762673,0
76.84315778766174,1410.0930231871994,0.3257127378008917,531.9182296268257,0
74.16961077274452,1907.237276885041,0.26150019669012714,509.49074964608434,0
66.7408194609892,1860.1890494395273,0.27913165931974576,562.8753050542748,0
69.83436513563102,2393.0926238358825,0.2984470533564549,477.8188577762289,0
73.79484610246634,2374.32262180212,0.31329391148260244,553.4539672631317,0
68.18580719780171,1804.999225752962,0.22974050765982124,505.4750309179764,0
70.24042473330691,2462.9730584816566,0.33034252966078353,562.0371901449066,0
72.57219417029374,1924.7500950634858,0.24258683556236907,561.4058658715867,0
74.72039775738894,428.80267727410774,0.6028920798558141,341.02701677461096,1
70.37047390209888,2084.77398514649,0.2815236535583321,526.6711136683967,0
76.33455574593312,2501.771716051311,0.344344369504865,473.56794990016124,0
64.99189995052542,2105.434462262475,0.2524040769988882,438.04750861231037,0
79.24478047472672,2173.8899519640727,0.254612190992654,512.2415854051027,0
66.61419144243945,2447.2178410549855,0.28214853995966954,517.2221366268201,0
70.5711382433102,2099.5940991707043,0.33127540084155177,597.292789087842,0
72.26729687211748,1817.7435190062429,2.5125545762908867,390.2672511312886,1
69.45619925771571,2035.874110524246,0.22388204068910544,446.1832250639633,0
79.23353662868017,2084.048347645882,0.27501349119241847,516.0887272855157,0
75.2682089830392,1450.810130943063,0.29245811442166525,486.5532615109955,0
67.27540456595526,1348.1991361957892,0.32499320618701855,508.4302775084542,0
71.63066511121059,1699.9006026183276,0.35408833638364146,482.8476187413182,0
70.55461294854933,2130.89710090221,0.3091924772376847,488.3443767445097,0
71.33525132934629,1354.4553796012085,0.3241033363667693,488.5154843116109,0
72.31051737131635,2042.5150740919714,0.2457087435557407,540.6632840331649,0
95.09008436022224,2287.0109559156977,0.2810767534922871,611.0581478589783,1
72.5045859381219,2454.0349229726394,0.3042946503146665,476.13328796177353,0
79.43092950605265,2183.832171518771,0.25496896326760654,461.2057536872406,0
67.48972887823695,1549.108901481454,0.3736335337875491,511.6493601627035,0
74.65640059558099,1798.5129896185845,0.2590371070139251,474.29683718519624,0
63.10340385992736,1907.5897147442777,0.19564864906989654,467.078950430868,0
73.256956256529,2268.4773130833323,0.27739548335834596,545.6971586513678,0
73.95515973521523,2331.657779887395,0.4206307710806458,485.4931554846039,0
68.06149220032007,1501.2524035892977,0.2846095764430558,478.14615134958973,0
71.22483285554361,2131.081450923905,0.32460094239963994,469.20892377002326,0
69.82086980445024,2023.0465673180765,0.30443287954807186,506.06986389268405,0
72.35734178567998,1568.51660650479,0.33945283436877594,510.54439701056606,0
76.64576265066216,2085.666222457297,0.26957051383801495,556.7132205546735,0
74.49799937716625,2275.722944896331,0.3209199110444342,550.2917908162461,0
61.6923996886552,1469.4681903311443,0.2536809435009231,555.731070306132,0
68.65062532353315,2185.7462783015594,0.26966498526173516,470.79863485918895,0
73.50154939704495,2394.474336075214,0.3311355611950134,499.3316306244886,0
80.4619363784273,2145.9504931478605,0.38372462166737686,507.7392794366354,0
68.76411308739702,2356.674011442393,0.30360184306418725,440.73536686348586,0
71.55928505458644,1639.2819892233465,2.1383003827555904,471.3985968126452,1
74.91345491972757,1679.6591235262422,0.31711689172448104,495.2191330356228,0
70.83226104106528,2047.95691759922,0.31083877818813144,548.2634256720312,0
66.04762772277344,2033.9811231613294,0.33522532699123614,458.8142164555681,0
78.14307772785646,1925.392662144936,0.2934263702164166,517.2123326301324,0
67.923560430496,2344.5912048286145,0.3194579597833964,539.9401718596521,0
67.60412881077355,2231.5096131945033,0.3425448981083986,509.52359783750524,0
71.85572936685655,2229.824083515407,0.35106916477146993,466.6525925145935,0
66.48973453061323,2218.288863091094,0.3311103572021701,497.16623856673993,0
66.73688010348805,2058.4208584156327,0.39936379996154037,502.6009309824319,0
72.48999145622724,2513.5125440427028,0.27258563517546996,464.1411870920227,0
73.10904981108598,1777.2588242905856,0.27544231264289476,446.86794340735725,0
70.56758672625624,2040.0622714346846,0.21370966356047016,474.14890789231225,0
73.14814420961807,2096.509341858804,0.22484598491200908,534.1194362709418,0
76.68978764116059,345.71967817571004,0.6060512560730651,471.75436996111176,1
74.38681145287836,2154.8534861344874,0.30466861871383255,483.5539910549968,0
64.64553750969444,2275.494981800694,0.2909804159118796,466.8899051440889,0
67.38638489740481,2105.189029782068,0.3193404260344601,531.9551589714316,0
68.98903673783053,2142.409469863986,0.34438277129369177,499.9905898216468,0
60.40614392350479,1942.795279770996,0.2727942998942904,465.1464846826291,0
68.0333059383632,1899.854153073197,0.2787881833300978,496.0981911933914,0
67.61171276617442,1123.594854951618,0.2771349172456605,518.1236266876556,0
61.862287810584185,2565.3758917803825,0.32100472452259204,494.0618681304595,0
75.59787455717289,1868.762509902977,0.33464593115158053,541.5904819178853,0
67.64480847190839,2284.866240632397,0.19233285400643776,471.05883722747853,0
69.90491896048655,1827.0468797819842,0.36059719926932,482.1856577579388,0
69.702373219691,2022.8016174237234,0.32021473774808484,501.3800824175982,0
69.43835975154585,1825.842965058583,0.3434578032194636,505.2586033680177,0
77.2078431032895,1862.8711230241183,0.284575860577209,467.67871769045723,0
75.22080438534536,1822.2607222541317,0.3228843293026776,473.29046455940386,0
79.00470216455408,1954.6180149039465,0.27148243167931596,443.3105212371154,0
68.38969241897162,1631.7176554589023,0.37745100757475936,469.365126273191,0
65.71958087045566,2025.8431649139125,0.2968237712692322,488.1131096569472,0
76.39225931303649,2110.892657659428,0.3164754367786504,471.7232598262437,0
68.2035395460647,2127.218313339227,0.3694168889104224,495.13628073560426,0
62.75957829251338,1233.8236595294136,0.2760581271995798,491.4684605118047,0
71.91204873092025,2027.8534703423345,0.24161102243660323,458.84770612209485,0
82.32717646072005,1482.990621153915,2.3773666490339047,747.8351471305945,1
68.54153125103362,1693.1622304404782,0.2754181907183976,501.03323035117523,0
72.06390463468249,2731.925721901782,0.24924529040860655,447.4451357974484,0
78.82727120140548,2070.1357735372244,0.2905439804611483,506.8698917737802,0
67.04214305582084,1997.2643010067388,0.2908401690639806,510.8498318374105,0
69.98198730454716,2285.937513612826,0.21725562818858518,507.28646039450825,0
64.95956844541298,2154.7817653112297,0.3325568120911828,532.2295403814668,0
70.37902279096863,1935.9671387209376,0.2241063126659595,547.6951693454205,0
73.16465908877755,2078.0965516313663,0.30970538154766786,494.1382894646893,0
72.46658950440445,1958.7654456116925,0.30975124920140634,503.1031438792432,0
73.3483627441502,1804.5929318624512,0.313174360766553,465.76974470741783,0
67.74967264260378,2298.814305741745,0.38367260451492685,513.0792616850014,0
77.51996494291345,1848.5675236315349,0.23837383426157455,517.7126618375439,0
75.18769972128949,1291.1202693374485,0.3424215441102642,537.776997193604,0
76.78120014285412,1664.099031612157,0.2708620671194209,509.64779634017714,0
77.61562038634828,2462.6329857703627,0.23717465528603715,515.3449872608559,0
71.36210942979321,1547.9900081864423,1.8413247538787325,492.63030397211463,1
75.89720060360644,1890.4035346063674,0.29582810151048194,559.1762653036942,0
62.403150170229935,2368.3006977419877,0.23738032777934404,511.0285952062913,0
80.35182580114964,579.3818467143816,0.19847353206124851,467.7786467855174,1
74.12708174494014,2417.062264705194,0.3115035379595701,562.5814114861134,0
71.11893975819449,1937.2334378766416,0.2666110221765557,507.290141661632,0
60.66367403704126,2092.946213068108,0.26762290971824204,522.7248544801246,0
73.16959511159006,2491.73504163322,0.33653820595332623,505.6843946366324,0
64.08370743667112,2092.2220093427304,0.32823029629468,513.9963593435039,0
67.44991800572626,1697.0807885870188,0.18765553330076973,534.3932261120218,0
70.58663691654391,1730.4596054626888,0.45549592780026804,531.841128946194,0
67.11554065238425,1138.321336015505,0.30274670554999245,495.18919756865506,0
64.20817655403728,2153.9256260291877,0.2519976852360268,437.53703890433036,0
89.65286523891132,2160.2132309326366,2.153701784859844,537.3819601426477,1
72.02490855480478,1533.2313061389118,0.34608250559622294,444.2629564580514,0
77.64775159730307,1746.093003502738,0.32315923976337924,480.9714245693179,0
66.76713557878736,1574.4902801200906,0.28064346751052427,545.9058559659005,0
77.69018283232984,2143.1122481669363,0.3618065360903109,551.0754397438882,0
68.0394592343392,2219.792023164674,0.35195558937101346,474.083511182307,0
64.71144535522049,2194.158781910822,0.3252735079583313,470.5311789723596,0
71.99568057176036,2254.2265031451266,0.2300346912599029,436.02213121535493,0
73.87317026714669,1983.269276702688,0.30994740733982473,543.0900621711794,0
63.111653160214544,2014.6580210977113,0.25217818115909957,471.43050857783606,0
72.52023257758923,2780.5049342541183,0.2642120005444624,483.1817708945807,0
75.5165094100826,1972.8400153087518,0.19499867461741877,495.2553846688304,0
68.65296582777721,2258.1420465079236,0.29882239245628806,515.6675190805333,0
68.50496324767066,1871.5654517102262,0.3601942218584408,516.5912025755707,0
65.95753198553406,2114.580635669466,0.2724731575254208,494.4246274342176,0
73.20421430633505,1735.4376046316847,0.23791197122591878,490.39106586390074,0
77.38947022370758,1903.5094846347852,0.2278072591933229,440.98790889238546,0
80.05102269383175,1876.7557136136245,0.3614490251244531,529.8835464473339,0
65.462181689792,1440.039014878082,0.28725221032231507,447.57090470515215,0
62.08048588257138,1768.1366996529173,0.32717396893350464,517.0430961538594,0
68.14279567002104,1723.2769446504492,0.27305790719036305,524.6047456026645,0
75.29212243424794,1933.6239129242683,0.3562176679935251,513.3259498187201,0
65.47841687447796,1664.1147700132967,0.2434555782337042,468.46070265081966,0
71.55453782799002,1648.9660921821921,0.35299681920233106,484.4181088452162,0
65.50792664325822,2137.991642881735,0.2076906068880953,452.69010553427006,0
68.8293152152541,2118.045615626525,0.31066468536864694,459.93555292700324,0
68.9115939838639,1992.4919123764569,0.2839666187221404,464.54377623737594,0
72.64902088957642,2498.377764364361,0.28914914747878145,526.3825112341221,0
69.19357144166996,2332.454845021255,0.24052940535663359,478.1119259057777,0
71.30527636089944,1400.5397946403677,0.24640713834799222,517.5063290903566,0
78.85400317817755,1947.234256270299,0.32273704560705674,539.1052379580427,0
65.70821109909393,2483.683477396594,0.24346923325312367,508.3207538589403,0
76.52739403577165,2003.1057859530142,0.3332962126027231,489.1561169991804,0
67.03803037880566,2208.9162342370146,0.4474547212654363,509.68923510853006,0
72.12728780892482,1586.1145505633208,0.36361767500533837,549.2184369046486,0
85.74078634212671,2061.908531397635,0.513955553602547,643.134451710556,1
73.31065337260523,1954.2590490858368,0.26612176738321724,500.90094437492246,0
72.40504615868356,1872.092721138337,0.32286402023076205,535.8428858563082,0
78.16205651965818,1966.63218159539,0.21107062079967415,473.6503076846078,0
71.68801331037601,1932.056332429542,0.25658536340618165,444.79766766482743,0
66.69106767615806,2170.6949237555827,0.27964818435366096,505.5413142434325,0
73.22687974792574,1686.5572417936899,0.2234446248722139,446.71964737854796,0
73.90911435888655,2004.6737142744403,0.3744931719301041,514.101325621046,0
91.09421810934442,1928.8964089962117,0.3886519354117859,595.2240305577219,1
61.20630256788443,1916.9560100333238,0.283296138451003,533.0396887320728,0
70.64610590987614,2957.932270353458,0.33341702443590404,522.0391263637799,0
75.7141140725751,2060.32971401449,0.17188331706023446,531.4612137924969,0
56.74515095803494,2252.186007951366,0.32761499688397616,495.7356038917836,0
71.26538357464916,734.9075786700757,0.439227441487527,410.4767115131397,1
63.69558022832477,2099.264069664337,0.29362254398112325,518.0974250171419,0
65.22229779699788,1888.1500543724699,0.3859688953103648,421.90588736518106,0
60.23956100238749,1600.6301139326665,0.3231030446625948,545.10259485287,0
66.50137246003708,1937.2930228141925,0.32411244763403285,504.70081184739576,0
72.71280021792982,1839.4294365318297,0.34687850688132793,485.86626044546364,0
74.77571160250619,2510.664483390571,0.25840888958847774,462.34593884079817,0
65.58071281899433,1994.1086603219956,0.32129436030965175,521.38136086584,0
63.25907288947143,2221.643144266251,0.24705462064716996,450.8591282769195,0
70.12255087129472,1948.1161820229731,0.2922050911031666,497.6766961782202,0
71.78556285755873,1895.2226887044715,0.33006033744645574,504.2107960954414,0
67.11548172168798,1773.974638896145,0.3517624667361876,504.1718119596025,0
66.68688120527077,1932.0547703450504,0.3183740832737152,471.03005589430376,0
81.35346428902199,2018.5039549543915,0.36117844412093136,463.31314941333306,0
75.07185032509065,2513.184011774578,0.3426987988276112,459.558586641795,0
69.50412068110309,1897.0423173507768,0.2904748447001094,428.29086897591685,0
74.26216667398111,2488.5189869385613,0.334315922847835,528.1374661253196,0
71.44584321953909,2379.71235225941,0.27055665866306516,532.7258501181109,0
75.677828200903,1792.1284406612278,0.33022576631776834,464.6587739787086,0
66.88429736787617,1806.1318070468592,0.2725865602537461,484.2601277879959,0
66.74678715439086,1948.9446132425214,0.24574247367211008,484.94647421565406,0
74.6783919657373,2299.4932694443883,0.3047672099720654,535.7512249132119,0
64.61127611035347,1955.8993995114533,0.26997882171306475,537.4885671589,0
95.11315426338435,2089.8943063512042,0.3636883338844434,661.5921046067424,1
64.37255476350812,1976.6488408961593,0.29967393423852706,511.8745934328777,0
65.12063373511333,1803.7772950617727,0.27670972154409185,537.5852790328245,0
67.17960684631636,2029.3949460412687,0.28037644469695633,476.8229375373128,0
77.26767038578659,1970.498111961575,0.3092370289447862,484.9579355934309,0
77.39913517683416,261.3070129804327,0.8839411216714532,449.88160384601224,1
69.66960100676341,2096.9503142554345,0.3277756323171124,496.8970632712915,0
81.47804184198613,1793.3343372273785,0.24624152035508248,662.1561729256447,1
73.16390933053142,1695.253454306481,0.2973439673491227,557.6110250643278,0
98.48083998579645,1778.5828749015825,0.2088359449348243,637.8650626087359,1
73.78753855023652,2118.4014589468943,0.3018968917723801,503.9578390031587,0
67.78265714728282,2479.7743932034837,1.5876938747826195,647.1731091544951,1
73.83717364576455,2190.551540504591,0.2591455684465904,453.580880331849,0
75.74636663142837,1926.1812535610154,0.31265826190189905,506.7728456933526,0
66.42824290986816,2302.94512680279,0.2691819295980261,451.06172553617165,0
67.14410505108602,1951.0799108168708,0.31670882086224483,549.301344674136,0
68.5567068053993,2117.541201620764,0.30716942336711256,436.1379771675556,0
62.48428523440947,2135.7115388749203,0.26739555557034694,498.9497716998129,0
61.93642064405174,2124.1397292354495,0.29093879133909484,520.85608700252,0
73.1417275463214,2179.9786189988613,0.3424551055371572,525.0425397897465,0
65.75077815267605,1889.8916482750033,0.28985096813021716,472.45619049750275,0
65.69793317358024,2154.080031970915,0.3487908359672354,520.368409632867,0
75.36815874929886,1406.2100568872638,0.2640583806195635,555.6650994438279,0
67.43066541331653,2371.4849214300907,0.26081171672068015,488.3690025077432,0
66.11091656204562,1903.303859236598,0.20186871541637103,502.1862229404655,0
70.13442919497265,2129.576763402182,0.42058383377892106,476.76155089944257,0
72.2213165574302,1922.3285078887768,0.3306234397006801,495.44856699268314,0
65.38917337911187,2412.4629257444553,0.33098557229830683,478.42671645652445,0
73.55479984101746,2084.9863614638425,0.33783943399934907,538.2617221399704,0
75.06414321771842,257.36079294647914,1.1737635681087708,355.611524423073,1
77.88726639881737,2150.2533424833373,0.33789609249618097,474.6517568421951,0
69.2216138230396,1938.8978749469102,0.20600378074304773,452.9642172390363,0
69.81182648787576,1839.4015442138232,0.3183824646495711,530.3791222893221,0
61.84634931585468,681.3407698515423,0.6923904483019723,401.2605433770041,1
72.96550628984193,2037.9138738639235,0.31669299832842673,526.1659100021893,0
68.79381971071835,1468.0902595379357,0.3602997258273408,515.458829648734,0
71.35789418597686,1951.9601613300078,0.2793501088928283,507.7159691106778,0
65.89658840824144,1506.3803759129323,0.3570074519260633,479.1619889251057,0
66.42348145370016,2289.163735038473,0.20667300243196918,523.3804701171599,0
69.04830660958196,2362.5098691779426,0.2860119915752083,498.55734478007685,0
66.93605654757806,2391.3020728634456,0.3204303653850884,488.84426353164,0
74.770008817466,1784.4778203292408,0.34411665311617046,550.0167233465341,0
63.200719295100406,1528.7371543794502,0.2791902797557373,539.7629632728524,0
60.06215542699554,2255.066522634048,0.2774905367574294,492.5441414577665,0
72.60970782808448,2478.3515189674918,0.2948372619925476,496.6800389432801,0
73.7364680256163,1947.5120729913774,0.2808014364023824,506.4987492621386,0
71.88650246522425,1781.5991176312596,0.27540487762468974,493.17571220139774,0
76.94187864615084,465.7121138442436,0.9595687559791534,322.84408860285646,1
71.39510762885169,1837.1978600797934,0.39243044166482055,497.24465706995136,0
75.0314640460722,1649.0249492869136,0.23771413117768075,498.5291197748589,0
68.49448152205356,1988.4474591497878,0.3076177436016861,506.7264921287238,0
85.3944040422762,1733.75234665937,0.23306971001383753,534.6077102995077,0
72.36796215317591,2136.060290454194,0.3295907066870689,544.8481468235971,0
75.15922269734317,1919.4408056282502,0.39162785217396007,462.06504779135105,0
74.36228664140073,1882.5054297734628,0.2766752310385901,536.9066652695236,0
71.66831052643474,2271.180452325859,0.30290113674041974,455.61667330580826,0
75.49388425993595,2245.329889760086,0.3897605677956161,513.4842173849692,0
70.60147815855949,1903.1960483473592,0.3405698277245796,493.325753096652,0
69.16440959841573,1922.3611811998694,0.19579435302507056,541.803635825733,0
66.59007876001101,2212.491154160319,0.2893895515049424,522.5329836352194,0
68.18193893893073,2212.835545141712,0.2703822022173973,494.5565279225745,0
79.40578534720295,2149.0097669709567,0.27722302369880647,545.840940781635,0
70.64052207455394,2178.0670166842588,0.20438725122901114,488.0841405156204,0
66.59474171262559,1117.8834096007158,0.29656829769572657,466.93190778632436,0
72.48357076505616,2419.8066309758005,0.2662410862512809,442.7657732636783,0
68.75517925760464,1890.5141811371343,0.2885304627965986,512.7753097588949,0
72.59673257120586,1995.4070452481014,0.24853142459089642,465.40002790382766,0
59.380521378450965,2647.192463979651,0.31718939407749425,506.37722091896643,0
73.40976485647482,1680.4659010773883,0.3419470250234806,498.38285452982785,0
70.9330456157818,1813.745720524665,0.3334327402378953,516.4495888266349,0
68.75481980221811,2194.484130153158,0.33607812525630715,461.46247202900093,0
65.00822979630604,2032.5679117329569,0.38129794576810316,511.39302908122687,0
91.60678469352948,2134.5907293543582,0.2901379574822188,660.3801675700313,1
62.888731452011626,2279.777249561927,0.3429793943489901,484.5434481857527,0
70.14878069747873,2006.3934946015827,0.3150553669595871,469.52363519030064,0
75.42084115092848,628.4095793948118,0.9039804279057506,395.4146987927437,1
71.13729967302065,1910.7309489920024,0.3082380420618258,525.4031232564948,0
69.61449145292949,2031.2603311855628,0.2840076238372578,460.48604240160245,0
69.68660451363414,2092.6499037796893,0.25419040422593786,485.67063252187984,0
80.95227812904989,1656.0963820943937,0.3273559557587605,522.1895945517401,0
70.23699335658208,1521.5890798199614,0.2852455042881047,547.8332717524759,0
70.35783118609696,1678.358296404318,0.36187190673420694,532.0513800108205,0
62.84612448940976,2340.1310290601195,0.3135028679195711,538.7193338276765,0
76.90654806132392,549.1505647246784,0.6286296269744401,444.60337998658605,1
70.4853877467402,1978.5196221757808,0.316337238230116,445.4606232383854,0
72.83613058205806,343.4351968394404,0.4858237085748176,385.41206838707313,1
65.71421221791859,2417.6006859033796,0.2821277288594786,515.664276378018,0
72.0085586104947,1708.0793177355333,0.35563441874949625,459.3365749066313,0
75.83891030829903,1736.6052239730316,0.3935482587685891,510.4012993281476,0
65.09245674476024,2363.929309993755,0.24563770305685986,472.5117769830882,0
73.7312678301361,1661.9697593270585,0.2434965330479821,457.79554971507383,0
74.58930973527389,2250.0586884826776,0.3755577465123674,508.94475397971576,0
66.77440122697438,2103.9511645192147,0.3463107701120796,520.7816826535058,0
67.53499532670584,2747.899855229837,0.34894290253908977,425.36574030394763,0
70.34281487403014,2126.5762262705853,0.30098083288469946,498.87288065061557,0
65.85502494538964,1799.5728639070853,0.3525973808861459,510.15658628857744,0
71.44887428448206,1993.589811695469,0.2493052023853731,506.9836022882049,0
75.79055436750033,1718.1993818543738,0.24541495619303427,499.92788477243437,0
71.29941397124212,1948.0784527148392,0.2888398872682597,512.9678885190247,0
63.08600134517832,2177.758084760355,0.3170025647284445,489.2998059746039,0
67.8372090609019,1759.0463147958965,0.30016877532985803,503.69234604968545,0
73.07967803472133,1596.2060959259754,0.29327516077991334,531.7210491613467,0
70.6100490732268,2222.6382473215676,0.25978421201700036,499.66723988154195,0
72.69455021842329,2601.8278664477366,0.34066025933739885,558.0546212018069,0
77.7496720250877,2289.2261504865073,0.27131991135515493,513.2900639134212,0
72.06465727137812,1883.5469544376315,0.3003531579314088,515.0835328068558,0
63.59847800664553,2092.4151618512306,0.34982852552897237,511.37459356178374,0
74.8168806462216,2306.771129602892,0.37902703432841867,465.36911995301045,0
66.99680655040598,2184.055391819125,0.31048297076373127,484.70579920427355,0
63.77130610644006,2095.934580242761,0.23184129977035944,481.4707496919891,0
73.48103182406709,2776.8690926055842,0.34511385868933236,487.066232912747,0
66.23131917821256,2256.024667634092,0.32331791872231674,487.5209921615792,0
94.55954377985464,2138.081487494691,0.37756810291218956,627.2602641311154,1
71.70575987408321,1981.2220616301433,0.307587899612437,523.2808374153043,0
70.49666152714613,1692.7439527012384,0.2885100184712403,538.3855600928048,0
82.80042269134397,2022.630091670478,0.34476777153813,475.6095688321961,0
71.24110293150169,2207.9316821789434,0.26871613562518937,461.19477124387714,0
77.39972069445012,2767.4597857004755,0.2655136112967913,493.59629661948685,0
77.82321827907003,1615.102332743429,0.30986578537027976,548.9557069726733,0
69.0656417791932,1855.0816844949682,0.2941617042102377,470.1841197549544,0
80.71972044662662,1758.8976296090807,0.23944140353596094,461.58633286992597,0
68.42365377679828,1911.5150965123917,0.2764978926120249,522.0686599173724,0
72.7989522396552,2024.731925880351,0.27563985394025364,513.9310959063972,0
64.68848143136948,2484.1133807175943,0.33364306179834097,448.06396089665225,0
65.25300555584029,2153.360779857494,0.2963026217195804,479.23249012202314,0
97.96283636923665,1993.309914884584,0.3295271564389116,646.8680211336383,1
73.57000247046047,2282.231356396465,0.3766716850648163,539.9172471211712,0
70.85684140594985,1862.334721139318,0.27953587809434477,504.709188829053,0
71.28775195361382,1812.8693117912585,0.2835690762125508,513.5181023858762,0
62.957693518182204,2332.909952586867,0.35118547730534905,474.8923788861116,0
65.10618142108846,2617.2486409135095,0.3105641846139736,530.2140000941948,0
67.38569986423366,2423.279713923881,0.2968997995316984,514.6268089126015,0
71.01731817933612,1880.1091443156192,0.2616671706108326,498.07447516133544,0
67.34749426194736,1641.2350813894448,0.3341664496405535,486.3635684376967,0
67.27808637737408,2518.2629510302136,0.14902439220895872,443.9077490091374,0
74.20321774494361,2196.7702329589283,0.23158424805835948,510.4268484141066,0
60.646040394870724,1531.2362429340371,0.34292255583283326,506.7301897033425,0
65.0519758987071,1865.8034313023745,0.37016849850625955,474.97030863525254,0
77.0467372009279,2023.0555648876305,0.34225789855921607,508.078842577422,0
71.12046240905208,1991.8086381470205,0.2732099268473851,484.2236097231439,0
63.74443211807348,1796.6765088425445,0.23438904032842967,509.97822530972593,0
67.3712248915962,1818.2855230989985,0.29756738242147746,530.809587899592,0
67.3487119081378,2169.6528936894633,0.33410260328563096,412.11653929993196,0
68.7371592430342,2050.8082472108235,0.33401080527252247,519.9625047107534,0
66.49939592530413,2071.774059233345,0.2967905911445751,451.65297922691514,0
65.52696348890248,2268.5114942228347,0.27252298627022326,524.3239593677513,0
63.47765249747573,2119.9063855257923,0.27485126147243283,520.862074236509,0
67.65412173947648,2055.4040917594725,0.2275177390150735,458.42036172803006,0
70.06500945938953,1492.1129557413844,0.21961694864409703,455.9964442815297,0
65.45987962239394,1903.895807541704,0.3317709015104613,486.46523424773005,0
74.15167908272123,1751.7229338053842,0.2599980717801177,537.1875201932469,0
78.76135221711812,2456.3948155767353,0.22175986143189724,495.4927103360522,0
69.07170511668092,1145.4372138109775,0.29313141058003017,490.0141878685247,0
75.8158187607748,1672.3061705982263,0.2662145960419194,526.4422258677072,0
89.24423131723566,1810.1359175345624,0.3867830644355628,650.1143968071752,1
70.3490104249501,2057.6147349470093,0.3333156250454606,502.3879358712811,0
72.91964092662982,1757.1189440235062,0.27368760717412893,434.1161653670016,0
70.48838049274416,1867.0153246425468,0.24417377800256704,512.0144415951899,0
75.94196636724043,1758.2389800511435,0.29063354907968125,494.1115804583619,0
67.37739866860113,1728.8894417809615,0.2835276106826454,505.3608415043143,0
68.77128467957027,1681.281941555936,0.24551834813288057,475.66997409113463,0
68.98477306978504,2090.53756994584,0.27176129979145286,543.996225778358,0
67.30120159845319,2110.186194020402,0.2628757883730808,464.00907414904077,0
79.45501259865638,1101.7170268561392,1.6730508058372118,743.3655722342304,1
69.46484820022721,2226.0024863313597,0.27099733793149783,532.6630896265002,0
79.15729382927177,2040.9605993248213,0.2674988032796551,497.7300318702251,0
83.16191032418695,2412.097563548887,0.27741702619201886,440.93230572751753,0
69.80222423071673,1904.2838193000146,0.32865639066206,495.0699438234383,0
66.16326218555976,1937.2028968544403,0.3724249614946463,469.27914227340864,0
62.329429146321885,2136.7663316244825,0.2438727596877793,559.746599066142,0
56.901274479551276,2298.880045834142,0.2691174052282825,478.00901013428035,0
102.9926905604817,2083.7803514649577,0.5234751914044795,739.9362509175656,1
74.63088773765821,2233.508322849991,0.3285306498609765,535.4192273735644,0
68.72511391289572,1700.2093303115266,0.3424087106333334,521.9414075772497,0
69.03819517609439,2045.125671543073,0.3370412172710063,511.66936188056553,0
70.57837317146429,2080.577683658977,0.3170294608200248,506.2340752205994,0
72.56633716556678,1941.0950452745064,0.3726233767235373,504.3076380951548,0
80.6389012531695,452.12414284783114,0.703646805781305,453.7671700978449,1
105.84968294040272,2058.4527020810415,0.48595848723435564,598.0096734486558,1
70.85432719063971,1719.3683893866214,0.3981293595265397,481.3389558333686,0
65.10813611192484,1895.2049611645407,0.3842507139354255,475.154111811043,0
67.67135123214871,2059.27988140772,0.2618637610716893,539.7738994262656,0
61.434327354545616,1595.862113141091,0.25390700934373434,515.1676772550762,0
70.27862456144348,2020.356653158221,0.27784779894357586,453.7159545437106,0
73.54178223649677,2140.30795152963,0.28852256723198266,460.0166780756105,0
69.4217585880588,2323.604250029389,0.2737955801032704,482.40406191308193,0
79.48396491326974,2169.172736015708,0.23712110705426917,504.741604697604,0
77.75575987761262,2017.1039374691254,0.32757381376197614,525.2220344638865,0
71.17807279054283,1515.4604552283472,0.37320886193762187,475.0413524751665,0
73.24354943794822,1888.9966910353617,0.49631188532181636,530.0489547562568,0
65.17538269709948,2616.8621389820964,0.3286028720857072,507.5770653798987,0
57.641777499363556,1819.3363818914659,0.4213358243172761,541.2948935005861,0
99.0106422930906,1714.7267810938304,0.2968044757905565,613.2399482618376,1
75.21249935535162,1614.1675687537527,2.9741713223949064,631.6804949691641,1
67.80134470862913,2044.0379035956648,0.2682221079297798,512.6057462868497,0
72.04126377857236,1994.1741182336802,0.32814404300871775,439.44536406834084,0
66.4616526719061,2125.7057028098134,0.2789619103159473,478.6333770905285,0
69.2647130924893,1898.8742086645882,0.3287602508053283,459.73616754544656,0
67.18856235379513,2059.3732350387945,0.2903086930613598,531.1513655305795,0
66.48411787437057,1747.0260214051425,0.3410172006306228,500.5283975580097,0
64.96991309250149,2019.342324443036,0.2997201990585477,533.1163202994877,0
77.63268341836154,493.6876986888752,0.798887941270386,451.77217082084724,1
73.43130095187257,2190.1330642796297,0.3372095985749968,541.1160843199013,0
83.6008458329481,1668.9232048352687,0.3003399922279999,515.4688426533187,0
68.82706433312427,2103.9465427693976,0.3408944829012514,517.395718558854,0
72.71680096189968,2174.6293110405845,0.4492629501301705,425.20187539009765,0
70.33764102343962,1992.693622321705,0.36803292979193253,487.6572017865199,0
69.90743432003805,1836.1266655242553,0.2815361430376898,502.3573108915745,0
63.61625712089845,2201.40202293514,0.2536650845576345,492.7800447640936,0
92.10437945182127,1968.6971621039324,0.33018003253889505,731.4821065556399,1
69.72207664544773,1531.0427573910029,0.24311571647875915,503.34117805520157,0
64.97929616623966,2285.9409901739737,0.3781444384254099,531.0826295313877,0
65.88889802216784,2048.1721943149596,0.33494142101012675,521.1823674144539,0
59.803839111199494,2244.721163761789,0.2490167830653942,540.3867726860824,0
68.65555654722584,2058.315290473201,0.32553960442637975,513.3432142349478,0
65.16511928435393,1811.9848326230103,0.3366246051389901,594.5617020353625,0
75.26901026017451,2162.9894087109165,0.2353363521064418,538.3659743994018,0
75.94508265553776,2275.7462520830004,0.31102707135069335,466.78529549592645,0
68.36168926701116,2015.5837657421898,0.24305834411096153,512.5882991607235,0
68.45226780343005,2581.6786997174854,0.3715683390915592,490.5473980641767,0
71.80818012523817,1859.6896396064326,0.371137406804997,506.7579235174265,0
66.61803848970365,1940.7984739078022,0.31762524841784395,509.33329973429585,0
80.66516687328134,1764.203161847615,0.2767797868845306,453.15520332674424,0
66.54045965059377,1991.2211558945064,0.15044320145496382,512.8455874343173,0
77.51178526048014,1949.8634858640767,0.31126539610204706,568.1730416134064,0
71.16126848580502,1603.0730619777505,0.3115350452859342,488.75533830134583,0
74.10951252187611,1851.8730250516062,0.2841963571986475,554.5418576767347,0
71.67228394993512,2338.011541048275,0.25566595388582714,549.6085180547685,0
71.69248203747208,2060.170759169283,0.31860527363034313,563.7431420905089,0
71.83299123048424,1841.4149954750728,0.3147112064506747,496.6547351857117,0
65.76603140965797,2165.0156297073654,0.2785377789850669,526.788616103263,0
62.8206892441028,2182.741436272153,0.2756385717943224,473.811167286389,0
59.874287066711965,2503.3102442229324,0.3007136533918217,530.223319195856,0
64.59225998192802,1471.7573564057673,0.29772943910338806,519.9478148690522,0
73.65677123345128,450.4121827989851,0.8553163011182098,385.6602882130865,1
67.89507759589868,1918.6629196872293,0.34621350697689146,461.0235090966253,0
64.15660981190234,1982.7143608899244,0.2502825312695744,477.3262549952491,0
78.97278931758893,2418.7051432369867,0.2545158291509083,535.7569800324072,0
73.54501878794257,2193.5646757850172,0.24717211786198734,523.0651902790669,0
68.80525976566796,1784.9533038191585,0.3274441917658682,551.3612085205368,0
67.8655946502629,2308.988245274348,0.31556543367214424,522.325571309451,0
71.71362673188852,1359.2977358063913,0.34660957821301924,497.2116738015923,0
63.27774744482861,2212.464326976967,0.21480642065866404,493.9242731880551,0
63.597853237518585,2201.772110360819,0.3072443916548446,484.26298958698845,0
65.04731837434656,2090.79063957171,0.24095935923455775,442.7193173747812,0
69.82644115147379,2721.0246755714825,0.28857000423299906,494.1719260406444,0
76.83437133722262,2004.406458418759,0.23094776984231125,468.18184800810195,0
67.41355774949814,1960.6229098723086,0.2860558302924622,488.0030281360659,0
68.45393812074393,2351.8187057778096,0.3437194590356364,506.1316709480893,0
76.77818929402476,1760.2423980049239,0.2405166670454819,500.0204845687245,0
67.41977635891313,1981.8017558556137,0.4346516831990248,451.9918668648887,0
70.06964645956474,2050.5382928808845,0.24540330498023433,500.21535400723826,0
65.38383376944547,1189.030312100229,0.3877737849157745,482.4221698004673,0
72.02025428407269,1688.0282218623406,0.38213364766279817,510.84251951819306,0
61.72571664067115,1878.905461027401,0.3535771576117443,508.00455188886207,0
66.13495108072267,1734.5591857919298,0.36179058100034694,503.93195558647545,0
67.79977756651508,1779.3410172230701,0.2747910084496164,506.9433776757672,0
70.29609217007244,1911.3795769582912,0.3427262613533308,510.92420888163986,0
67.69680614520107,2195.696863524026,0.30001035324590986,534.7722219486769,0
68.93276424144076,1932.5703794321948,0.2803993680040435,495.89013531672623,0
71.92658689864419,2132.1424213881196,0.2669008911101695,443.5996989827671,0
68.28642741736616,2626.5124114342184,0.2565168459362653,549.4844268297177,0
69.7614432192901,2258.7180417148275,0.31443618314125116,466.29517900281206,0
71.219003568856,2325.7358974818044,0.21802579187372828,489.51682018349135,0
71.0957516383197,2669.39004385779,0.317922680910481,506.5560212723284,0
66.3453498002904,2233.898159680802,0.27076911346714,455.69225217404295,0
64.87806179332856,1723.7979220761902,0.24644731601754755,535.1827053580233,0
75.54351790291454,1995.6643187365162,0.3191494492370464,525.4883596554864,0
69.55439980243605,1610.9504156132462,0.3344853902622597,547.6588078413079,0
70.48060388470492,1787.477969926861,0.3174900012283954,463.4815192333856,0
69.89549203017926,2160.952953071121,0.3997833744891982,533.0246419526782,0
71.21843605745956,2000.9138060460243,0.32104864721946946,492.719561695639,0
70.75150880730939,2057.14990393372,0.3442615741494495,569.2374875184834,0
74.06754818000319,2167.3430919055586,0.3248871544545697,469.55721520442444,0
71.48492336616593,1745.9115955045017,0.21784055944229164,473.1007331805438,0
72.93428546900135,2490.0294596903286,0.30112329464060233,495.818083980103,0
77.8276201461717,2330.2878904995714,0.3789059028781092,464.6189263510215,0
69.79921024677829,1941.5275158941956,0.20896983497257413,560.4582533138192,0
66.43577108661418,2389.0983639683327,0.32316031460495614,535.7820549624925,0
71.62041984697397,1812.331189547141,0.34125491323338175,458.849789083086,0
69.20030735018287,2227.746548090794,0.23170221443997327,502.3146948865315,0
73.91434462526898,458.33746943845375,0.96895487515634,411.6924012894799,1
61.96258382719386,1954.983323890242,0.3086670832185204,497.0271709927619,0
68.62474151424178,2358.9894459936954,0.3536489023883006,497.2580132747266,0
64.46737045629165,1894.0501121567936,0.3515290292812029,475.2303895159357,0
76.1890815598673,1802.9317163085814,0.3034672168518125,487.8680773044812,0
66.37128093423267,2071.5106948204357,0.28516962704651005,494.55490513592997,0
70.48497982496359,2016.9949774691322,0.3219750615310113,505.8839437707172,0
62.93848149332354,2127.249783920575,0.23803708025732637,516.5522239973276,0
63.88936095554027,1646.2880626520591,0.31675290145420587,518.092840548465,0
77.2188230203663,1803.870098405354,0.376050311357969,517.1152162506355,0
62.75993049791878,1860.406862965984,0.25553795858858375,526.6251190224218,0
63.74230287904778,1728.2803097412143,0.32333354909830403,565.5229020014137,0
69.28810257489353,2450.400095586646,0.3414866208939587,503.78533710985903,0
68.07722227885087,1840.1897481014266,0.34592272219712067,475.6279295318774,0
79.23318498023833,2186.4715669568154,0.316202851411078,487.63337764926587,0
60.795628843341774,1968.6652344387585,0.3207432750180955,478.559579690287,0
63.359069755507846,2067.3355455679916,0.29872128439040024,471.11802304146164,0
74.13591624518011,1915.7974769399677,0.40447693608473867,477.42694287940895,0
68.32749382079525,1632.8179199713231,0.30521779687616063,523.1576046451003,0
67.73846840375461,2337.233815995804,0.36318533388273344,515.1872296791778,0
57.88060336685522,2284.2579386368575,0.2576842011267132,543.4191709817542,0
75.33337344794577,1869.0842328420295,0.3384103608315869,476.00178479894197,0
90.07503437091492,1875.469913310989,0.3611653061698842,611.1314257577046,1
71.46536236649341,2492.6045480409107,0.236991761741371,468.84368537468083,0
63.55019550129473,2618.7574757729435,0.248373804823623,496.2880195970073,0
69.83623364892001,1363.4435302974216,0.32986141091266924,511.20045679134194,0
72.94158603242288,2152.3973980737633,0.2874230556977752,493.6499905420647,0
67.44392161784407,2324.0144197143945,0.2569456044913215,471.5632184819304,0
73.56499215086194,2356.303816538469,0.31580779785913893,474.48394163758866,0
61.449158036716874,1922.1359967248247,0.27471266478690315,551.0951782975411,0
68.24243257979346,1841.2841967961115,0.2882689715021293,527.1205266428394,0
67.3456561353984,2484.6748470644698,0.19396499236824666,505.2660868873579,0
71.57123666297637,1854.8342497837036,0.19980688177966233,415.03533205668293,0
67.16851135198614,1773.7172449941927,0.3557160847334436,539.54906974558,0
65.90889658383264,1978.8503665822727,0.32288864330759426,453.53118424839573,0
67.57882963566874,1637.1076943926385,0.31818159413124836,504.4426825939483,0
63.323278206449494,1975.0683282113916,0.26751173865758665,490.1991136044091,0
82.9117650468219,1997.882261510013,2.0136566899257193,603.6223952496695,1
67.76742523966489,2031.612651843788,0.22009378240581262,487.70940222111506,0
71.50773671166806,2109.4883007398676,0.2743393216764207,507.54420826821536,0
63.825610880304424,2092.782201003938,2.470590933209985,590.8270678313833,1
71.28014867156938,1683.8952742560937,0.2832431109414274,486.26454841452534,0
66.13105400448214,2036.8010947984387,0.26976276677308936,476.60441161335086,0
73.12833673882503,2053.9682453460437,0.29049804824992526,529.352663360841,0
67.19909479901516,2297.612704860957,0.2500969686342793,471.86223270390803,0
76.03254483254179,2168.2758343823716,0.2856276240299822,512.880224684052,0
72.46225632004075,1691.6974577222127,0.24513487361835778,524.8468907055387,0
67.23888477859515,2086.608088783957,0.3589862604180355,478.28029004772173,0
77.23488942176867,2483.666188476627,0.38694256759266654,474.30505287772405,0
69.64917144270676,2095.7523531257543,0.2771939586262906,505.4318822831325,0
65.11222377600724,2189.243505366433,0.18903498136262323,512.7318181358304,0
77.2557180389752,1588.4296571205932,0.3080009112926394,543.5278264483763,0
66.40077895802645,2265.097981246002,0.3560515333662236,438.50176164267566,0
72.88278481527882,1963.7155554176654,0.28845668130776153,529.334466490586,0
72.36916460455893,2675.7307416032927,0.2841142451621883,503.2822541549891,0
67.5528027874089,1629.6953384360233,0.2696567411071412,444.68619249557764,0
65.92094857517282,2084.357427190813,0.29620244881787383,518.247385750549,0
64.93584439832789,1804.5745989156655,0.2867742579344694,454.4196177356947,0
69.74880945275432,1941.9021622160847,0.3273632398688983,473.69678656364465,0
71.71809144784231,2442.9621049177686,0.2836052641743541,512.7646979972069,0
74.28199397161737,1599.7923515245386,0.3231086333040971,521.3696647874049,0
59.791325657878545,2226.2873989440723,0.33010591601962413,485.86208777892443,0
73.77695612912878,1963.4757474850148,0.31639397620796783,514.2629204757988,0
67.60625689168262,2152.6175069689803,0.25834719714996207,440.9448735968584,0
70.98277388255788,2269.0517947596595,0.2839378616941044,502.9301113024501,0
69.36041204259617,2216.7144073483314,0.2697069589620553,490.93458239052137,0
63.810922505865754,2287.010695038375,0.2509417234430159,526.293669365088,0
67.22261440419872,2532.5932677828537,0.34166669558901536,514.8096454292945,0
70.98260584850735,2156.3367285138015,0.2735511145967992,501.4792499456067,0
75.44475298483682,1961.0537900799723,0.3660652016136506,470.36379977297753,0
64.24503211288848,2011.40104345046,0.3900255590755427,505.7127166977517,0
75.97523314462421,2622.224800924992,0.30458762422241864,492.12021439051495,0
63.099492708925546,2482.203672805998,0.3413023585720753,461.71086750384995,0
71.03005007924486,1253.7530383239402,2.2365191410801075,582.5925610672109,1
73.45071995855557,2358.971450499347,0.2685368303153606,478.7293712710853,0
73.39798874467338,2663.1569004774055,0.3503756844918461,498.82941441867365,0
60.201649380601125,1560.687535937054,0.27455181871462503,505.1139131298971,0
75.45753425961232,2164.020070460414,0.33128154668230003,510.1606195376507,0
62.96669451575889,2300.3138277701423,0.28977643895069394,455.77603603873683,0
96.74558345767956,1953.3740125614577,1.976314648727782,517.88006876056,1
80.76591228755778,2441.3510982480825,0.355869940795123,449.5202391763194,0
67.1209087967766,2133.3808004660423,0.2895343090210319,493.4404016769489,0
67.90493264349429,1636.2766103617114,1.2089116183269364,592.5702335192752,1
68.12589596225202,2060.3478967618516,0.22322139383964468,507.9432593293394,0
97.36315172921702,2155.0839547245114,0.5053985771182876,717.553644620657,1
66.16101217447935,2086.1372495605474,0.28630034590853476,457.3107522421498,0
62.42127942501384,2243.2424819479347,0.324193832559402,476.31984482840977,0
70.86590462925591,1522.1018799404992,0.3094853083805198,453.9487925740292,0
92.55863078774227,2229.7634838441845,0.35540562861388403,717.8291692913991,1
92.41153713565393,2054.3753487806152,0.5311167497802625,555.4994914408528,1
72.81484618345286,1998.9876627767144,0.26938816327461246,501.53593705643254,0
89.27504834640418,2202.3698047185667,1.5298005417578233,594.0951858002154,1
73.80207328072149,2122.1156861373606,0.30999052168593566,468.5103350327018,0
75.71877021603464,1756.9242688956856,0.38793102420975667,468.01295204302323,0
65.1265916488634,1250.178285537928,0.2444271021531484,481.8048983535278,0
73.60836032021618,2121.1190271009827,0.33395713877190975,466.41361614850496,0
73.05878473239231,598.6376505905937,0.581958318640114,321.84828467143734,1
75.79297789503703,1583.1282599709211,0.32491108742483926,486.22729069343023,0
73.0300497567282,1927.6227036144373,0.35225442370423765,509.2283800456759,0
64.03574575638609,1630.560567308729,2.0997119929933836,537.9495252811693,1
66.59987639210755,1808.3114756931493,0.30104432441479806,412.79035342035075,0
76.2787806278676,1525.64278939036,0.3457695137780081,519.6492675266506,0
67.89906591452072,1970.4235603147215,0.3475724638529043,535.4567327887988,0
76.91079495518764,1973.4911122383994,0.32541343198372946,488.208417288158,0
69.86743062275391,2065.229861953917,0.29186035469638527,491.505833097687,0
70.32140009547732,2013.1434415937329,0.37098015022568187,474.5944710162391,0
75.02114929497075,451.5826048751263,0.6747369447633986,472.66377380212725,1
65.9886136538919,1958.1231115534479,0.35627173922073846,532.1183167993756,0
78.77670421221602,2321.7522011929404,0.3584794996213887,497.68336864330865,0
70.33759240705055,2152.350726886887,0.23367639358444584,484.0349431061843,0
72.95327415346155,1857.8481958787252,0.2807489094143568,504.29146309636855,0
67.70319550229878,2052.9324665831678,0.23403764027006163,479.12915368408807,0
70.66484837073438,1678.1770922780581,0.2902651351941659,489.607204819793,0
68.28656202959826,1882.4725552868535,0.3130221131666778,465.7094206377881,0
73.75966516343387,2315.1963188022837,0.29044861186999155,549.6622133926488,0
73.05838144420434,2078.202129747172,0.2848136985611668,476.48739436626715,0
71.73224104748488,1353.9829659188856,0.3830735082864009,488.9237839865766,0
70.2349029688237,2215.68599319952,0.2864172444836973,497.03464396282084,0
92.0730481072364,1757.0940936756233,2.202106432638666,465.3862968208278,1
72.56892975456104,1801.1297247347156,0.317780667439283,524.9057543558783,0
70.99042380383928,1698.0372304161076,0.30859196698967656,504.8146887192044,0
78.98843263424762,1992.043622225282,0.3128876270071375,437.6656454043141,0
70.14372411467409,2351.9373912759925,0.271508353588062,550.0720857747899,0
67.65262807032524,2314.8658145958007,0.33296228342162026,532.4807316166122,0
71.76027698257148,2378.5764502141974,0.33887036763822553,474.9715456989613,0
71.04431797502377,1632.2703010992977,0.31962079835893836,489.72352397426704,0
65.07136976832228,2072.2259538465705,0.2966410854975322,496.1703595544543,0
75.63282514773879,2097.73889497465,0.37596419618208843,516.5239271682099,0
75.16232630275573,2112.216970954272,0.29939555260769724,531.7435497526145,0
73.05185132716733,1773.2764521521467,0.31251001031258474,469.2274194907917,0
73.40945744813156,1992.0782729123218,0.16262475786373826,498.0776670755385,0
78.38218656137641,1623.7131730492251,0.22757042926832277,539.3595121572184,0
76.7271002307749,1799.5567743383017,0.3705229572601752,501.4080470618111,0
79.52139085176077,1850.5070944936272,2.3406811632876527,675.6384520660383,1
66.81306436346742,1641.908950473056,0.244756860346874,538.8818918534419,0
64.3863898921885,1835.3825276777116,0.37384672130591373,529.3666867567034,0
53.79366329965464,2161.6267977339107,0.3617891095911077,472.861568750187,0
73.27182828177028,1912.4566193253368,0.33257609956697526,501.020822332167,0
71.53649760438304,1912.9176367434045,0.37007992964732145,471.63479360171806,0
71.66157005989795,1806.9445308859572,0.3508830733421751,483.49654151190384,0
71.25246425172938,1702.5822951631078,0.29120727977839644,525.2595108635638,0
67.22400236653401,1631.135121664275,0.34345772962484483,520.1459351518716,0
69.62783285449977,1871.209332644822,0.2969117900069935,437.732359727644,0
68.32107650354936,2007.2658370018273,0.39046531748665547,485.0920392464607,0
74.44593719860457,475.3616597485452,0.848731444740543,425.2241628191508,1
70.4329489373645,1969.9537770560141,0.22070083438810206,484.0563634592236,0
59.00597021689959,1968.2154937087594,0.3477650279118876,522.8253996293444,0
78.43570817536282,1542.3031056289715,0.3012694210271205,472.263076568657,0
75.32740187532676,1703.8461418546449,0.20361637103271948,464.4790832533232,0
71.05508733601309,2332.124200786092,0.2590785667028999,456.9227142839442,0
63.39771693457862,1567.9847352217116,0.2585751487609877,478.6347840747187,0
63.81524644560959,1671.1174739314395,0.2199548010761742,478.7712231553392,0
82.63466212936811,2289.455489929237,0.18808843833375138,509.0510002670521,0
71.16024968678818,1554.5306094650289,0.3548576355876848,548.8540566431697,0
67.41194350481915,1831.3495920265093,0.2531746812605202,528.5004748600894,0
87.91886472103677,1702.491000967907,0.34101052435371093,637.8469400559567,1
69.27819794038028,2341.9635683387137,0.3276625609992392,566.3759311819173,0
73.53875967727738,2013.0807339117362,0.28970702845598295,530.0547456104581,0
66.40777889373783,1589.9363904753736,0.3346739455956997,520.3679387017784,0
71.0698995536711,1744.84386373721,0.23811687888363509,530.7059193255603,0
63.92905693606134,1407.3600300938388,0.33343708277962564,514.2550323948615,0
72.36618812286773,1705.253781938507,0.22880214237749275,464.09634060721066,0
62.990744686038596,1657.098526180855,0.2868554585395866,489.25911860759044,0
91.85057723818095,2061.427664720535,0.3855095420918569,635.2878747181771,1
61.10639875547861,2096.9237819348086,0.3448533098443566,459.51271365345406,0
70.92316929266153,2037.6729360414627,0.31219765989542503,481.91538032648117,0
63.241576971918334,2203.3625958592725,0.3786509862607428,509.87320336130387,0
79.18975425038774,1721.2312768012441,2.095948867936518,659.5557900407126,1
70.76862552972764,2165.7469863251445,0.3009573888707876,443.5054937582425,0
77.48022155744592,1924.2939493621138,0.3637437520639361,487.54358696284186,0
77.75250246407039,1656.8821378038015,0.3952068294786503,537.12961272536,0
68.0734320156912,1907.2650607392495,0.32312956464269754,516.6217331334772,0
74.24801048510513,2251.5472323354925,0.2595867139179537,510.14070443305127,0
73.92900079325416,1708.5029796376143,0.3132010040666835,540.8768855813736,0
62.02786170602816,1685.926705195418,0.26391312233313735,514.742883581606,0
77.0139715546805,2191.6190666087555,0.29903698101328025,514.7362299623599,0
72.41236207621593,1528.8498189130469,0.3686424237338265,490.0763232701733,0
75.41525621587638,2036.6892509096851,0.33598789710740906,506.6686956740256,0
61.48308780322422,2147.2924854914754,0.2781617881380891,461.3507714760939,0
71.1710736626826,2108.4510575618306,0.28500809018625595,488.07326703524836,0
67.62527344419522,2010.2250404777678,0.2550607975838436,513.2392145509774,0
66.25756731721724,2278.352038424371,0.3135747655412824,495.5892372970745,0
67.76783192724736,1949.5568544245632,0.3049033769769472,528.4878371409346,0
70.23218274078074,2134.3150777430833,0.33752895837608826,490.33915536523824,0
67.40544587454966,530.6981072686237,0.7487318643255017,434.93444067585216,1
80.8162736165273,2042.882928429112,0.36285746084312864,477.89689592157134,0
66.6153899984702,2148.2090558848217,0.26709417554623716,491.3435391237289,0
67.48262172941901,2098.6287230910443,0.33590928628539674,487.6552056631346,0
70.36658983594202,2127.079719678038,0.3470655290383742,511.10183345806865,0
70.02621849859092,2355.711246398899,0.2726659957706367,505.8644519465987,0
67.20539076364206,1240.913743176101,0.2941885478439021,528.8091438884442,0
71.24691841855378,2191.415330432227,0.26345218621422634,530.2841536578791,0
72.36298741206521,1515.1068174690236,0.2734514551094018,496.3382860363617,0
77.10252123994927,2300.1746954128935,0.36089795761527793,489.034821890442,0
74.52587884359563,527.8348634644669,0.42813264566798853,408.21473826852844,1
70.40937069693162,2643.5447383320165,0.28764871496270017,521.6443797127203,0
78.34510762644696,2423.6661666246287,0.2890977052303813,494.5229307686138,0
69.30867849414408,2277.3901048738308,0.2927740664642241,474.18844967661494,0
74.10241090598682,2163.88527440111,0.30706285700437314,520.7857275271231,0
71.21669724661346,1984.581882923454,0.21847633781424297,461.62907791340643,0
68.90164056081244,1895.4043596776423,0.30002639794282987,536.0159497542162,0
77.96593313319698,2561.989332865264,0.32048813979797486,556.9330105023793,0
68.89517913085169,1807.5555214331143,0.2434898137663038,557.7033738447486,0
71.8433665443645,2209.0863213532207,0.29772438773493787,483.31643759717656,0
71.70877987888579,2390.5223868196395,0.2884799642897116,475.51348266374106,0
73.7672580849864,2251.1635973014277,0.9818897485720317,595.833333387366,1
71.11066885816857,2080.137995303445,0.2959700125351619,501.04141246257683,0
65.84524941794481,2443.2590243165787,0.23387710216282148,483.991990806825,0
62.84929311019684,1728.827707560563,0.31598259129594886,488.6597630294535,0
69.55132152856386,2166.6813398010345,0.36115415335476625,481.75320477665724,0
69.83652625952953,2352.0421572455975,0.3690727039345243,481.5763230497505,0
64.81376922836772,2618.4510729909193,0.28605185348340956,524.4650306733279,0
68.59107695569746,2005.6548868834543,0.2816746489815974,514.4272427824669,0
70.30115104970513,2261.0203192066265,0.30204595876978607,490.9742075857752,0
75.79664901682123,1857.5289030132426,0.28779597631628995,525.1840551355522,0
70.22785919951907,1973.5153854946236,0.2014948091144082,467.87442743946684,0
98.91794832399303,2438.658781615291,0.3612638035447189,697.8895807236453,1
63.776726483442914,2487.403537540868,0.18972169714504653,532.4595442774983,0
59.63304883795925,1889.9526764555937,0.32910132835423633,526.1694614008535,0
74.79635413042604,1515.9315806369777,0.32508913680837725,554.2158993091366,0
77.89786072865357,1672.8802767671461,0.36234458577673595,464.7147999033566,0
67.28287614433117,1817.6534038716702,0.25258259978878994,509.37134631399715,0
83.19179866135471,482.46215441013095,0.22907466741912186,307.90511135210716,1
66.74199826197092,2773.9128012962956,0.34462986691496544,557.3425726141917,0
70.41141994637712,1936.6609283516916,0.3196898649108126,488.0696091915619,0
71.8860593753226,1914.1987334359667,0.3107356591585263,513.8745087220057,0
64.44712077267086,2365.147556247649,0.31748250236498465,502.19590973005086,0
68.44866621703272,1908.4325886935997,0.2691373406726538,470.53089258868056,0
68.84532734895662,2356.2158154694253,0.30078091669748014,523.4862120484572,0
73.55807439044445,2398.4582425547173,0.34093888218774304,479.7519794362834,0
79.45651843434878,483.93688804745057,0.822107063494788,382.63488555210785,1
78.48228184145019,1707.6412085988077,0.3781706679416054,501.18341144722217,0
71.61359280169044,1556.3265293677614,0.211188238355084,513.745043443661,0
72.21909714073114,1788.4964432724773,0.16978930716864327,535.6020386053199,0
72.58829510234561,1721.7940597428278,0.17352199611528482,470.1455455443986,0
69.37106539950176,2384.304908520534,0.3348951636269514,522.9208934471858,0
69.20996050710505,1806.9350503047615,0.3098646132815603,492.92090038367087,0
77.93008408072676,2212.432603006577,0.35970547015236864,435.4284936617246,0
74.36160318360339,1799.278178402025,0.2820115677105457,491.6056897286898,0
66.20433669223151,2222.6286116027923,0.30163984977057934,533.1770127307193,0
67.64034067105283,1944.4137023366875,0.2675313480839287,508.512530709845,0
69.1314078779402,1160.851146202065,0.9682984237602728,536.3166560946623,1
72.84883640116102,2316.8170427198156,0.3567810073591472,533.5050132658986,0
62.42404468900724,1959.7948499981246,0.2607006983682509,501.5677547149245,0
62.962681128117225,2280.295973371782,0.25686121179784394,547.7174621785355,0
67.56437308117651,1864.0315852018175,0.25872947350105224,458.826033563477,0
63.52460613968192,1679.7401257237182,0.31989635249734044,513.7341682977735,0
76.55752544036287,1494.9923043413608,1.837965912395515,621.1906876861098,1
73.40750348686312,1761.1922429589533,0.2107066754032944,506.36280059222526,0
67.18137723598012,2051.1248667126465,0.26698394302632766,553.890824687809,0
67.94061516938767,2110.2096520448536,0.32673145430612177,499.0315816685159,0
71.11942012139566,2344.5337127590265,0.37279111610733834,526.8394156272161,0
98.16663413035619,1515.2339637768582,0.4113140457053023,639.9823711102918,1
62.372374145376305,2113.130118170656,0.304260472481695,516.1288970884964,0
68.63638215126164,2128.4921291622945,0.2607619045936148,466.5786064951402,0
72.86291390678079,1776.5292065580652,0.29223704755876256,510.8194367430738,0
67.56196887963753,2274.0753878699747,0.1682126130491561,519.2162880522432,0
64.35474114391386,1992.7413180827252,0.28489772502550675,488.19410432090814,0
73.85432596943484,2349.4218063371513,0.3498429386732904,480.8515182041452,0
75.26576426666452,1774.4092004783543,0.2575785682904593,490.2316684355449,0
67.49121478207732,2129.012494157321,0.23896437870429205,509.29996949496666,0
72.52493639490228,1825.4957258154068,0.39882202922577425,449.94202223365414,0
74.6201350960345,2154.1723548976743,0.33110349951530244,527.993842170232,0
74.92161199238292,1990.0310028066617,0.4109390116724067,470.95862724469265,0
73.28276804316914,1902.5505849474132,0.3278845530362562,509.3955342159494,0
66.18370421728741,1888.337967178684,0.3460900750988626,482.54653899823836,0
63.89578175014489,2472.19602898701,0.43798300194555384,513.406175024081,0
74.1784605603257,1991.745528484809,0.26452100726254135,509.92553913846734,0
65.55242785187238,2227.6785769360295,0.3493667258294551,471.62761817909654,0
82.8667990162493,2101.545153038507,0.26710827230739315,504.4809044681357,0
66.94241098504025,2056.874484979623,0.319316165890578,542.865731234407,0
87.97218473071857,2279.7304612864,0.19925431392549903,707.3015072071032,1
90.68253197517532,1148.276402154372,0.4189328307292374,653.6139482692145,1
66.21824627357849,2067.4054177255657,0.27252214320457097,469.6820534021326,0
61.4870819788108,1909.0460651497174,0.2560092823248973,504.35191237878144,0
65.91532164506381,1911.3559045912518,0.31436644522015045,511.38918945157894,0
62.68242525933941,1975.7850259674253,0.296211785673227,538.3839479497325,0
68.3698823391608,2265.213618908315,0.3127691877837158,535.837766615412,0
66.0373963078365,1886.2616777037538,0.3052947226557617,500.3749796572175,0
66.8759071115216,2021.0156489339545,0.3021757334321733,509.650356241295,0
78.9793883654776,1475.4404080285458,0.3340679755221474,493.53171264295935,0
74.14702790591744,2139.928994730058,0.43103965455149873,461.89816733863904,0
68.1951691709046,2176.0081404425823,0.24916584357117513,516.0007773411635,0
79.82362566458195,1958.463204804868,0.30379776339580433,550.871686334326,0
72.53637015553649,2001.9266809432813,0.19347167600963994,517.4771395642641,0
71.27210421650607,1751.935893788042,0.3194807088685452,575.3466965475327,0
72.35707778193202,1924.9860456203141,0.28847376874098746,517.740477252752,0
93.70099929616244,2224.9700718271133,0.42215584736242107,605.9622955198635,1
72.5751763360433,1789.4024936579733,0.37420580142679827,476.8202166418753,0
63.39883396489679,2604.0161742579867,0.22517353724549605,497.78081409216867,0
64.59471729795868,2063.958988471307,0.2984280414812612,500.2364055408419,0
69.11526386252976,1668.2885994542194,0.26813461264856026,458.2933422453961,0
76.76936187082707,1708.5157884468044,0.24980213139592505,544.6733932498487,0
69.82505754751519,2651.282815249344,0.2983193717648143,470.7390191816525,0
94.84398255530458,1757.1857536751738,0.4297244273380124,574.9889069276533,1
68.81590696629996,2083.6982486671404,0.2966933692687089,484.26655591212045,0
68.82923312638331,2209.4669940840768,0.2053192666523107,516.6965937360128,0
66.86516471106117,2036.9614420353457,0.2741785178056214,519.9410823599933,0
68.70204324318198,1976.1075826262854,0.25761830356904575,470.3012662234396,0
70.17631775985865,1632.7105291131902,0.3371341209179861,556.9186608431934,0
73.2510058897933,2080.738082373532,0.33202398976004116,482.0907713983678,0
71.3998431315991,2264.9329331441477,0.2899254233026241,494.6272014495153,0
78.32737222231289,2285.0922775920726,0.3777080210357387,488.88251712797654,0
73.21361379933772,1983.531799815114,0.25877429192361634,478.05104783274413,0
72.8853606359027,1700.4843682435126,0.23111912496228812,520.6119738757675,0
77.51699150883576,2217.528736054399,0.2938645533202138,516.5944746913763,0
69.0800833182366,2325.7946348525097,0.30018478359239237,517.4821274952159,0
84.8448498610505,2288.113158567087,2.35793637234548,591.6669176172308,1
72.4468728061396,2097.3077845164808,0.33659353521441476,536.8764435289115,0
70.02556728321231,2274.8983024107442,0.22231206169919676,496.1144825940968,0
67.82751886283842,1459.0580971232166,0.29522678764554633,473.21637453524346,0
71.73790852680835,2242.4173394843438,0.36707379577654403,532.0931436495155,0
68.90449735595568,1593.0254586129786,0.29748976914791275,505.82155830817624,0
64.66189785308703,1573.4567999774467,0.2350209381536201,520.4620847018789,0
63.00716213090429,1754.5403349733078,0.28343458084083384,501.35668126999946,0
75.28561113109458,1527.0823529047252,0.29953498394306927,489.91235783956785,0
69.93251387631032,2119.766936781584,0.32381788846781095,513.6052613766341,0
69.67124869463507,2587.504236266178,0.3492724842807609,505.16763159233113,0
73.10336048775339,1792.273706037843,0.3239720759043032,497.4179092162732,0
68.93005577887246,1937.564942818238,0.2920477394799974,490.69076883845287,0
71.78893680174141,2037.5673507943723,0.39021740548933714,505.55526610489744,0
65.40287882883098,1926.7530094128053,0.2822979644529488,501.23976896811854,0
71.87849009172837,2036.0093980154784,0.36194731764697186,513.4765616385511,0
73.69233289997705,2505.1783074373607,0.26526434344554706,518.3064850876767,0
66.34816684141431,1832.75246449765,0.2657685087119998,487.4627136270233,0
74.40819878474726,2378.775231028155,0.20401634219011716,452.07202491213707,0
73.1620386952776,1813.2051914796643,0.2911612918442109,476.5398952246689,0
80.94901466608836,1818.3153380789408,0.27932674194383617,515.1789666036759,0
71.40495933867517,1668.9900181478379,0.2701244902654179,481.1679828174648,0
75.89648592031914,2458.5405279237593,0.3195347960464072,461.2212395854321,0
62.96244152641089,2484.6127068408323,0.24957226579618957,498.05934184902446,0
72.45959585753253,1796.6853890743682,0.2535244569903795,475.91526668147475,0
72.39489912873196,2130.9679412473006,0.2978588309344212,569.1091625631436,0
65.62190873307621,2307.218757743439,0.33951859480258556,494.50548586840114,0
74.06758608684835,2179.2200209549574,0.23804464621730495,514.2041569710568,0
64.46832512996986,2344.629710111631,0.3195232424964445,497.1983942330016,0
58.49039417632208,1817.0651287041853,0.41819362473096805,497.57364506403616,0
69.72852566741093,2295.7189987039587,0.2297216490410679,506.38219327572983,0
61.652973594393146,2366.3101086576057,0.3087605709454256,515.0823442247245,0
74.06262911197099,1891.2677175790604,0.3132681174699814,454.565890724577,0
61.375410837434835,2520.789140949575,0.34147374209658743,482.49202020961985,0
70.38684153823809,1830.7257204027835,0.2753438588800114,514.8859756208994,0
65.95850857322424,2547.802914064081,0.3130140253291443,478.1518339278016,0
69.63585543671563,1932.6100550008925,0.28666738353827925,526.8109306816733,0
69.51970050137675,1519.4102564308496,0.2684211135417334,524.6983974703312,0
66.13587392731215,1797.9528127268395,0.27816401319797024,450.3013037696668,0
71.03843843581555,2034.507823744225,0.2721288473445839,487.6275854535056,0
69.91788551963624,1494.968542333715,0.31460963641631867,454.01898320330207,0
68.39307079173503,1909.2590940535615,0.30248868435904797,495.5309207069811,0
69.71527188139466,1869.354088829047,0.3061773847977791,496.80988992406054,0
66.53545202369673,1970.3331040426572,0.3261257052632879,467.7406282085229,0
92.5958310524401,2117.992115001597,0.5678674673372567,631.3662208024012,1
66.03563583868828,1471.7711722532547,0.37436230776679635,561.5891607350499,0
62.57219813481514,1732.6423323754138,0.34070758810591334,446.2068064239627,0
70.65370288643045,2370.827952563131,0.2959238663449177,519.3946861317731,0
68.59449853557022,2321.0450714949284,0.3038740259259431,500.85372743549476,0
72.80392263184117,1871.1783376624242,0.2904548104136351,512.7633459255252,0
73.93542301871226,2687.2827717772225,0.31232523892160025,513.6771258551211,0
66.10847637298843,2551.455103038537,0.27573470823160656,430.5156841109337,0
67.00312488523113,2160.9958257581857,0.3088410436069699,517.0928107159594,0
66.4782815472862,2190.416440568531,0.40061352228503827,472.5103724277974,0
67.95962313489224,1915.601732864536,0.279594958041989,501.5498293055324,0
87.88158681558039,1694.091404087343,0.4079801484058733,619.6176827313263,1
93.4088123612869,2288.5961567215522,0.5420504287271064,665.3838326700557,1
65.31087480042439,2012.1775073611648,0.32362031389401885,479.69014584624404,0
74.11272456051594,1855.0440613101878,0.353010495374944,501.76952664768794,0
62.14887640054772,1603.9932466337882,0.28575622533151646,514.1462714125462,0
70.24260813972414,2026.5220658875542,0.2324462816895989,515.0072140830971,0
87.78481248812058,1349.0015604187845,1.7196195465100699,526.6521026438749,1
74.84322495266444,1988.8333290470475,0.3150237179805414,522.791368864525,0
70.73356843216662,2479.594151151415,0.3862348324880554,521.3164730689335,0
76.00606961081972,2221.05316912773,0.2552326838818488,528.7515745952612,0
66.36431412087566,1816.4692727284144,0.287191012375231,445.0656536498495,0
69.4263177926655,1938.9258919692916,0.3292206490236242,586.052091670003,0
60.43359877671101,1793.2436545731296,0.2530048449445568,458.0864544466103,0
70.1050192081638,1606.449130294952,0.3210793305307228,512.4933811430436,0
73.78494308322676,1945.131067668548,0.20617236469790629,475.28193539084003,0
79.38085419607943,2468.453359018056,0.2537883427865848,502.34429188908945,0
74.11030079997245,2415.2818455531556,0.2594571244394831,488.30228880321664,0
69.75268145173783,1961.4387465683208,0.31478122443735473,481.57030567711115,0
77.32824384460777,2156.85064641065,0.3029966315133164,536.0078524921648,0
56.515566785292144,1943.8567204986355,0.28147459507049855,507.7598344356616,0
65.40674026757901,2069.9648393790503,0.25377670059352225,484.1510886001106,0
74.35562351715846,1272.7279219181175,0.2537287686970206,434.3023488506434,0
75.81014957782862,1277.0520871076144,2.2516260323747526,440.622264589178,1
68.79837300920933,1860.6148108104821,0.3234633794904263,574.5556975003667,0
72.28376609576893,2941.324560097998,0.2881722356390527,492.8149423393475,0
62.42576387657068,1709.4966635409094,0.32942766348853597,554.8886060514826,0
60.552296345272346,1883.4444640733343,0.305287689563574,505.7473218858227,0
69.07548931778506,2053.8745345818793,0.36644666597677045,493.3183789767018,0
71.3522841288992,1657.4932657599484,0.32409330308592454,536.6246389643915,0
78.22483856750642,1764.530506075328,0.31519092978024377,478.48951552616194,0
65.83822213447885,2417.7395900192987,0.2641040554626199,458.12632393422547,0
66.22308533823339,2150.3282509819537,0.24244929581902464,505.3542999165617,0
80.61078098506317,1401.8793072285634,0.22744121549742202,519.159805059293,0
68.87111849756732,1827.8899988184262,0.31386884689790956,486.105159137438,0
64.01061053705575,2201.9544053809877,0.3236001135459637,464.85036958047317,0
70.99529847786735,2695.798861994508,0.33396866414782517,535.1059612758982,0
75.58647915794064,2412.331427951245,0.3873681598957779,481.6584425783412,0
70.75196893238103,2089.7877741219477,0.2620752332649965,483.0815753582527,0
68.4541393826568,1524.759217098353,0.2111876833266774,515.4084339269328,0
67.46528412314436,2357.193882435902,0.27369825786662094,536.9000171815745,0
79.06224278998465,2165.44561281214,0.2901766708285951,483.4123748789809,0
62.24668284466934,2096.407164635082,0.32192378694048635,497.32297537335654,0
66.00851377730773,1935.5236909133794,0.3229193351775742,504.7328431788131,0
71.64375554829843,2071.636747707954,0.2926109840591264,536.5691236938098,0
69.93876613576543,2459.225249703109,0.28530165261679086,527.4131486415675,0
73.07083350021712,2500.971351305422,0.26183569479107094,487.6452989310903,0
65.4530627260263,2356.109091668114,0.3392302143949012,481.6349924853554,0
76.55826428002389,499.0711438432184,0.57478920781779,370.5053841122196,1
78.33225431567674,1561.7860259264562,2.3401101802383457,605.9472168011895,1
71.01461510425649,1959.7073775588356,0.2734392852696201,486.4415188426437,0
